client_id	path	sentence	up_votes	down_votes	age	gender	accent	locale	segment
a90d6871e929ab9ea0306f7cdb249ea4373c3b6e4f61242a382e7c635ef35afa6d8c683ba41fb4e107e205dfd18792df56f428e525c1457a4356a5c2e41ab732	common_voice_tr_18235091.mp3	Proje yirmi milyar dolara mal olacak.	1	0	twenties	female		tr	
ee294297b901732ebbd0815fdfd4fa965a0de3040bfe373d15a5e1e8d003cadf93ed24b1e62b377089fd0a8ebc86ff79510994f4cd0ff1caf8059065c21a7a73	common_voice_tr_18349970.mp3	Neden on yıldan uzun bir süre bunun olmasına izin verildi?	1	1				tr	
a5f0fdf04d2dc2ab74afa3f5399dcb8bcd0846a305c9f59124ef39a741f553148d480b69e545b0f09567ff7bf8c6d92bfafb8551e40ca2653a002ba1ae479755	common_voice_tr_18377027.mp3	Makedonya ise dokuzuncu Grupta üçüncü sırada yer alıyor.	1	0	thirties	male		tr	
1d55a9bf8d1d3dd37c960ab669bce073147fb9aee220904faa8e50cb0df4919b5b60b074944ab76e236abcb30c8cb9d8733c59c164c740f17ebac181adc66ee2	common_voice_tr_18377184.mp3	Yeni meclis ilk oturumunu gerçekleştirdi.	1	0	teens	male		tr	
a5f0fdf04d2dc2ab74afa3f5399dcb8bcd0846a305c9f59124ef39a741f553148d480b69e545b0f09567ff7bf8c6d92bfafb8551e40ca2653a002ba1ae479755	common_voice_tr_18377256.mp3	Ailenin her ferdine birer dilim dağıtılıyor.	1	0	thirties	male		tr	
a5f0fdf04d2dc2ab74afa3f5399dcb8bcd0846a305c9f59124ef39a741f553148d480b69e545b0f09567ff7bf8c6d92bfafb8551e40ca2653a002ba1ae479755	common_voice_tr_18377285.mp3	Temel haklara saygı gösteriliyor.	1	0	thirties	male		tr	
ab69353623c69f0ddbb9f4a2c51b6357d6c49371dae98e9ac33dbb8555c1b2037d19335403a9b843a649af8484e18363d014516095078ea031c18d3f71452f97	common_voice_tr_18378418.mp3	"Parti, Türkiye'deki seksen bir ilin elli sekizini ele geçirdi."	1	1	thirties	male		tr	
ab69353623c69f0ddbb9f4a2c51b6357d6c49371dae98e9ac33dbb8555c1b2037d19335403a9b843a649af8484e18363d014516095078ea031c18d3f71452f97	common_voice_tr_18378451.mp3	Bundan cumhurbaşkanı bile etkilendi.	1	0	thirties	male		tr	
f9b418d51ae461d396927140929e187d820f52a1f5ed1e5bf0765fd47f5c39a88ae35f26b10b60d2897a2e923b752f5574d2a93b665a1b58c0075de2f29fb64a	common_voice_tr_18379804.mp3	Herhangi bir şeyi kanıtlamak mümkün mü?	0	1	twenties	male		tr	
f9b418d51ae461d396927140929e187d820f52a1f5ed1e5bf0765fd47f5c39a88ae35f26b10b60d2897a2e923b752f5574d2a93b665a1b58c0075de2f29fb64a	common_voice_tr_18379830.mp3	Futbol etnik bölünmeleri aşabilir mi?	0	1	twenties	male		tr	
f9b418d51ae461d396927140929e187d820f52a1f5ed1e5bf0765fd47f5c39a88ae35f26b10b60d2897a2e923b752f5574d2a93b665a1b58c0075de2f29fb64a	common_voice_tr_18379901.mp3	Savaş suçu davaları hâlâ inceleniyor.	0	1	twenties	male		tr	
f9b418d51ae461d396927140929e187d820f52a1f5ed1e5bf0765fd47f5c39a88ae35f26b10b60d2897a2e923b752f5574d2a93b665a1b58c0075de2f29fb64a	common_voice_tr_18379930.mp3	Bu ürün, tanıtımlarında iddia edilen etkileri yaratıyor mu, yoksa bir aldatmacadan mı ibaret?	0	1	twenties	male		tr	
f9b418d51ae461d396927140929e187d820f52a1f5ed1e5bf0765fd47f5c39a88ae35f26b10b60d2897a2e923b752f5574d2a93b665a1b58c0075de2f29fb64a	common_voice_tr_18379946.mp3	Sizce bu sorun yakın bir gelecekte çözüme kavuşabilir mi?	1	0	twenties	male		tr	
ace772ad55e2de2acdd889d3a71159205bbe39f90d8935f743c8184f74d92405592d1aa9f9dd8ccf7824166832cd412becf9443d6ab4c5fd66ed7626714eca09	common_voice_tr_18380000.mp3	"Sırbistan'daki bilimsel ilerleme ve başarılara ilişkin değerlendirmeniz ne yönde?"	0	1				tr	
e910d97c2553059218bf6840172891d367db2881f268dac95ff2a7f963355451d6fdbdf3ac357a51d3dd33c30bb5b9cd0b9944ab45a57ba18cd36533af2734c3	common_voice_tr_18393336.mp3	Doğrusu benim için hoş bir sürpriz oldu.	1	1	twenties	male		tr	
e910d97c2553059218bf6840172891d367db2881f268dac95ff2a7f963355451d6fdbdf3ac357a51d3dd33c30bb5b9cd0b9944ab45a57ba18cd36533af2734c3	common_voice_tr_18393345.mp3	Bu şekilde bir aşırı görüş diğerini besliyor.	1	0	twenties	male		tr	
9acf1513ec58204eb355b10c43862bec73ea70b8d5de81dd19dcdc58e18d3ee174ce29d06e96a86ce4fc303c2652499ac2b92f47846e2e09700457f5d18288c4	common_voice_tr_18393372.mp3	Asgari fiyat altı milyon avro olarak belirlendi.	1	1	thirties	male		tr	
9acf1513ec58204eb355b10c43862bec73ea70b8d5de81dd19dcdc58e18d3ee174ce29d06e96a86ce4fc303c2652499ac2b92f47846e2e09700457f5d18288c4	common_voice_tr_18393394.mp3	Bunu nasıl değerlendiriyorsunuz?	0	1	thirties	male		tr	
9acf1513ec58204eb355b10c43862bec73ea70b8d5de81dd19dcdc58e18d3ee174ce29d06e96a86ce4fc303c2652499ac2b92f47846e2e09700457f5d18288c4	common_voice_tr_18393410.mp3	"Fuarın bu yılki ortak ülkesi İsrail'di."	1	1	thirties	male		tr	
9acf1513ec58204eb355b10c43862bec73ea70b8d5de81dd19dcdc58e18d3ee174ce29d06e96a86ce4fc303c2652499ac2b92f47846e2e09700457f5d18288c4	common_voice_tr_18393449.mp3	Ara sıra iş buluyorum.	1	1	thirties	male		tr	
9acf1513ec58204eb355b10c43862bec73ea70b8d5de81dd19dcdc58e18d3ee174ce29d06e96a86ce4fc303c2652499ac2b92f47846e2e09700457f5d18288c4	common_voice_tr_18393451.mp3	B doksan iki blogcuları açıklama arıyorlar.	0	1	thirties	male		tr	
9acf1513ec58204eb355b10c43862bec73ea70b8d5de81dd19dcdc58e18d3ee174ce29d06e96a86ce4fc303c2652499ac2b92f47846e2e09700457f5d18288c4	common_voice_tr_18393448.mp3	Elektriğe bu ay yüzde altı virgül yedi oranında zam yapıldı.	0	1	thirties	male		tr	
06c0fc5890e3963598b4cc8d32abddfc0d52e789c64f248eeb9cff171be233bb9de95962a99519d7ce848e71b6dc9b5ad09d7b00180761cee0940f5df4d872be	common_voice_tr_18395539.mp3	Bugün artık tüm siyaset küresel.	1	1	twenties	male		tr	
fa8416a2b7807a2870dd9f45cc87e9556dc204841dacaea8f7976214fe421722c83713b91fdb7b78fb3fe36b1ec3b78f5efc670d5aadea29f9df3611fffab22b	common_voice_tr_18404740.mp3	Sürekli bir korku içinde yaşıyoruz.	1	1	twenties	male		tr	
defc3c782977d86597070cdb47cd61c873fe0376762607e1f8a16854800420de913bc660b409bf41d3c2f32152d4bd549a2eca7465d16137ee3d56af9bf745c3	common_voice_tr_18407437.mp3	Elde edilen bilgiler halkı şok etti.	1	1				tr	
defc3c782977d86597070cdb47cd61c873fe0376762607e1f8a16854800420de913bc660b409bf41d3c2f32152d4bd549a2eca7465d16137ee3d56af9bf745c3	common_voice_tr_18407440.mp3	Miro on oy alarak adaylığı kazandı.	1	1				tr	
1151c29361f6bb26e8e1275530072e6a62660ef91c3061f04442909b3b96c419ba0fc48b73e34ceb25947359743cb9bf67ce91cab20719ad97ff59853c747863	common_voice_tr_18413652.mp3	Bence bu olasılıklar arasında yer almıyor.	1	1	teens	male		tr	
1151c29361f6bb26e8e1275530072e6a62660ef91c3061f04442909b3b96c419ba0fc48b73e34ceb25947359743cb9bf67ce91cab20719ad97ff59853c747863	common_voice_tr_18413655.mp3	Soruşturma geçen yıl başlatılmıştı.	1	1	teens	male		tr	
1151c29361f6bb26e8e1275530072e6a62660ef91c3061f04442909b3b96c419ba0fc48b73e34ceb25947359743cb9bf67ce91cab20719ad97ff59853c747863	common_voice_tr_18413658.mp3	Kısır döngüleri ve az gelişmişlik tuzaklarını kırmak neden bu kadar zor?	1	0	teens	male		tr	
1151c29361f6bb26e8e1275530072e6a62660ef91c3061f04442909b3b96c419ba0fc48b73e34ceb25947359743cb9bf67ce91cab20719ad97ff59853c747863	common_voice_tr_18413663.mp3	Kendimi zulme uğramış gibi hissettim.	1	1	teens	male		tr	
1151c29361f6bb26e8e1275530072e6a62660ef91c3061f04442909b3b96c419ba0fc48b73e34ceb25947359743cb9bf67ce91cab20719ad97ff59853c747863	common_voice_tr_18413669.mp3	Kredi yirmi yıl vadeli olacak.	1	1	teens	male		tr	
1151c29361f6bb26e8e1275530072e6a62660ef91c3061f04442909b3b96c419ba0fc48b73e34ceb25947359743cb9bf67ce91cab20719ad97ff59853c747863	common_voice_tr_18413671.mp3	"Oysa İslam Konferansı'nda elli yedi üye ülke bulunuyor."	1	1	teens	male		tr	
1151c29361f6bb26e8e1275530072e6a62660ef91c3061f04442909b3b96c419ba0fc48b73e34ceb25947359743cb9bf67ce91cab20719ad97ff59853c747863	common_voice_tr_18413689.mp3	Tam olarak itiraz ettiğini noktalar neler? Sizce yasanın olumlu yönleri de var mı?	1	1	teens	male		tr	
1151c29361f6bb26e8e1275530072e6a62660ef91c3061f04442909b3b96c419ba0fc48b73e34ceb25947359743cb9bf67ce91cab20719ad97ff59853c747863	common_voice_tr_18413690.mp3	Pahor sonuçtan duyduğu memnuniyeti gizlemedi.	1	0	teens	male		tr	
1151c29361f6bb26e8e1275530072e6a62660ef91c3061f04442909b3b96c419ba0fc48b73e34ceb25947359743cb9bf67ce91cab20719ad97ff59853c747863	common_voice_tr_18413687.mp3	Fakat yine de bu işe bir şans vermiş.	1	0	teens	male		tr	
1151c29361f6bb26e8e1275530072e6a62660ef91c3061f04442909b3b96c419ba0fc48b73e34ceb25947359743cb9bf67ce91cab20719ad97ff59853c747863	common_voice_tr_18413695.mp3	Ama yenilmedik, diz çökmedik ve ezilmedik.	1	0	teens	male		tr	
1151c29361f6bb26e8e1275530072e6a62660ef91c3061f04442909b3b96c419ba0fc48b73e34ceb25947359743cb9bf67ce91cab20719ad97ff59853c747863	common_voice_tr_18413711.mp3	Aramalardan şu ana kadar bir sonuç alınamadı.	1	0	teens	male		tr	
1151c29361f6bb26e8e1275530072e6a62660ef91c3061f04442909b3b96c419ba0fc48b73e34ceb25947359743cb9bf67ce91cab20719ad97ff59853c747863	common_voice_tr_18413700.mp3	Bu ülkede hiç kimse o çağa dönmek istemiyor.	1	0	teens	male		tr	
1b80f76a6bca3e7e0b5eb2ab308d6e069ba5633a3ad5d3488071eefb1160c8bd2596e1553f464ca581b4df7f87ca8a9a15a6fd093cd69f739650dc7b4d05ec78	common_voice_tr_18418349.mp3	Türkiye ve İtalya geçiş anlaşması imzaladılar.	1	1	twenties	male		tr	
1b80f76a6bca3e7e0b5eb2ab308d6e069ba5633a3ad5d3488071eefb1160c8bd2596e1553f464ca581b4df7f87ca8a9a15a6fd093cd69f739650dc7b4d05ec78	common_voice_tr_18418353.mp3	"Ziyaret, Arnon'un ülkeye ilk gelişi oldu."	1	0	twenties	male		tr	
1b80f76a6bca3e7e0b5eb2ab308d6e069ba5633a3ad5d3488071eefb1160c8bd2596e1553f464ca581b4df7f87ca8a9a15a6fd093cd69f739650dc7b4d05ec78	common_voice_tr_18418368.mp3	"Peki bu durumda Kosova'nın ekonomisini düzeltme ihtimali nedir?"	1	1	twenties	male		tr	
1b80f76a6bca3e7e0b5eb2ab308d6e069ba5633a3ad5d3488071eefb1160c8bd2596e1553f464ca581b4df7f87ca8a9a15a6fd093cd69f739650dc7b4d05ec78	common_voice_tr_18418372.mp3	Bu yüzden, bu ülkeler birlikte sıralanıyor.	1	0	twenties	male		tr	
0bb9704f97849e2c8922a5ef82046bd1674b6af82038caef264a0cdb98f76805d90ee9ca8d5aa6b154affa2f6a2c838b58e9e3a833d1bf318590b0c2fe578c05	common_voice_tr_18429716.mp3	Katılım yüzde altmış iki virgül sekiz oranından gerçekleşti.	1	1	fourties	male		tr	
0bb9704f97849e2c8922a5ef82046bd1674b6af82038caef264a0cdb98f76805d90ee9ca8d5aa6b154affa2f6a2c838b58e9e3a833d1bf318590b0c2fe578c05	common_voice_tr_18429715.mp3	Bazı adaylar tanınmış küresel şirketlerden geldi.	0	1	fourties	male		tr	
160359b37808cfe41527e66b1d3aa0004eb65227336df002ada29bf7a912a6574d9387826ba73b9e8b5b7a11d85d1af6dda4ce985bf7fe1830d0481e6e26779e	common_voice_tr_18429969.mp3	İlk kemoterapi küründen sonra kanser yok olmadı.	0	1	twenties	female		tr	
e964ef51b71a58c21453194b7496a0df9321d2e59a219dca5f8368b093cb09cb9534330a619c94bab10fb075a4bc60afe362f7ef6416b1063e42201d15a5af9a	common_voice_tr_18434309.mp3	Bu kıta büyük özverilerin bir ürünüdür.	1	0				tr	
e964ef51b71a58c21453194b7496a0df9321d2e59a219dca5f8368b093cb09cb9534330a619c94bab10fb075a4bc60afe362f7ef6416b1063e42201d15a5af9a	common_voice_tr_18434319.mp3	Polis saldırganları arıyor.	1	0				tr	
e964ef51b71a58c21453194b7496a0df9321d2e59a219dca5f8368b093cb09cb9534330a619c94bab10fb075a4bc60afe362f7ef6416b1063e42201d15a5af9a	common_voice_tr_18434331.mp3	Veriler iki bin sekiz yılının ilk üç ayını kapsıyor.	1	0				tr	
e964ef51b71a58c21453194b7496a0df9321d2e59a219dca5f8368b093cb09cb9534330a619c94bab10fb075a4bc60afe362f7ef6416b1063e42201d15a5af9a	common_voice_tr_18434342.mp3	"Almanya dışişleri bakanı Ankara'yı ziyaret etti."	1	0				tr	
e964ef51b71a58c21453194b7496a0df9321d2e59a219dca5f8368b093cb09cb9534330a619c94bab10fb075a4bc60afe362f7ef6416b1063e42201d15a5af9a	common_voice_tr_18434363.mp3	Seçimlerden sonraki duruma ilişkin bilgileriniz ne yönde?	1	0				tr	
92511781fc5d4eaa1bc76adfbefbd8e97f838cf23681107e9d51baed506ed4092adc2a2ad2d29c4c037f00fe1131a48cdb66a4815b4a8a769a8d170aada6cb67	common_voice_tr_18439790.mp3	Bu arada bahisler de yükseliyor.	1	0	teens	male		tr	
92511781fc5d4eaa1bc76adfbefbd8e97f838cf23681107e9d51baed506ed4092adc2a2ad2d29c4c037f00fe1131a48cdb66a4815b4a8a769a8d170aada6cb67	common_voice_tr_18439811.mp3	Fakat sadece aileler değil.	1	1	teens	male		tr	
92511781fc5d4eaa1bc76adfbefbd8e97f838cf23681107e9d51baed506ed4092adc2a2ad2d29c4c037f00fe1131a48cdb66a4815b4a8a769a8d170aada6cb67	common_voice_tr_18439814.mp3	Toplam yatırım yirmi milyon avroyu buldu.	1	0	teens	male		tr	
92511781fc5d4eaa1bc76adfbefbd8e97f838cf23681107e9d51baed506ed4092adc2a2ad2d29c4c037f00fe1131a48cdb66a4815b4a8a769a8d170aada6cb67	common_voice_tr_18439821.mp3	"Bu galeri Balkanlar'da türünün ilk örneği."	1	0	teens	male		tr	
92511781fc5d4eaa1bc76adfbefbd8e97f838cf23681107e9d51baed506ed4092adc2a2ad2d29c4c037f00fe1131a48cdb66a4815b4a8a769a8d170aada6cb67	common_voice_tr_18439824.mp3	Projenin iki bin on iki yılında tamamlanması düşünülüyor.	1	1	teens	male		tr	
92511781fc5d4eaa1bc76adfbefbd8e97f838cf23681107e9d51baed506ed4092adc2a2ad2d29c4c037f00fe1131a48cdb66a4815b4a8a769a8d170aada6cb67	common_voice_tr_18439853.mp3	Bu yılki dalış ekibinde Vandermeulen de yer aldı.	1	0	teens	male		tr	
92511781fc5d4eaa1bc76adfbefbd8e97f838cf23681107e9d51baed506ed4092adc2a2ad2d29c4c037f00fe1131a48cdb66a4815b4a8a769a8d170aada6cb67	common_voice_tr_18439851.mp3	Yasaya karşı oy verilmedi.	1	1	teens	male		tr	
92511781fc5d4eaa1bc76adfbefbd8e97f838cf23681107e9d51baed506ed4092adc2a2ad2d29c4c037f00fe1131a48cdb66a4815b4a8a769a8d170aada6cb67	common_voice_tr_18439863.mp3	Sırbistan, Kosova tarafından verilen araç plakalarını ve evrakları tanıyacak mı?	1	0	teens	male		tr	
92511781fc5d4eaa1bc76adfbefbd8e97f838cf23681107e9d51baed506ed4092adc2a2ad2d29c4c037f00fe1131a48cdb66a4815b4a8a769a8d170aada6cb67	common_voice_tr_18439866.mp3	Ama her zaman değil.	1	1	teens	male		tr	
92511781fc5d4eaa1bc76adfbefbd8e97f838cf23681107e9d51baed506ed4092adc2a2ad2d29c4c037f00fe1131a48cdb66a4815b4a8a769a8d170aada6cb67	common_voice_tr_18439869.mp3	Gruevski pek çok vaatte bulunuyor.	1	0	teens	male		tr	
92511781fc5d4eaa1bc76adfbefbd8e97f838cf23681107e9d51baed506ed4092adc2a2ad2d29c4c037f00fe1131a48cdb66a4815b4a8a769a8d170aada6cb67	common_voice_tr_18439877.mp3	Bulgaristan iki boru hattı projesinde yer alıyor.	1	1	teens	male		tr	
92511781fc5d4eaa1bc76adfbefbd8e97f838cf23681107e9d51baed506ed4092adc2a2ad2d29c4c037f00fe1131a48cdb66a4815b4a8a769a8d170aada6cb67	common_voice_tr_18439881.mp3	Fuar Pazar günü sona eriyor.	1	0	teens	male		tr	
92511781fc5d4eaa1bc76adfbefbd8e97f838cf23681107e9d51baed506ed4092adc2a2ad2d29c4c037f00fe1131a48cdb66a4815b4a8a769a8d170aada6cb67	common_voice_tr_18439878.mp3	Ancak bölge bazı ciddi sorunlarla hala uğraşıyor.	1	1	teens	male		tr	
92511781fc5d4eaa1bc76adfbefbd8e97f838cf23681107e9d51baed506ed4092adc2a2ad2d29c4c037f00fe1131a48cdb66a4815b4a8a769a8d170aada6cb67	common_voice_tr_18439882.mp3	Kitle iletişim araçlarının çoğalması kaliteyi de beraberinde getiriyor mu?	1	0	teens	male		tr	
92511781fc5d4eaa1bc76adfbefbd8e97f838cf23681107e9d51baed506ed4092adc2a2ad2d29c4c037f00fe1131a48cdb66a4815b4a8a769a8d170aada6cb67	common_voice_tr_18439880.mp3	Hiçbir siyasi durum hakkında yorumumuz yoktur.	1	0	teens	male		tr	
92511781fc5d4eaa1bc76adfbefbd8e97f838cf23681107e9d51baed506ed4092adc2a2ad2d29c4c037f00fe1131a48cdb66a4815b4a8a769a8d170aada6cb67	common_voice_tr_18439901.mp3	Sahiden öyle mi?	1	0	teens	male		tr	
92511781fc5d4eaa1bc76adfbefbd8e97f838cf23681107e9d51baed506ed4092adc2a2ad2d29c4c037f00fe1131a48cdb66a4815b4a8a769a8d170aada6cb67	common_voice_tr_18439907.mp3	Örneğin domuz eti fiyatları yüzde on arttı.	1	1	teens	male		tr	
92511781fc5d4eaa1bc76adfbefbd8e97f838cf23681107e9d51baed506ed4092adc2a2ad2d29c4c037f00fe1131a48cdb66a4815b4a8a769a8d170aada6cb67	common_voice_tr_18439923.mp3	Güçlü bir hükümet iş başındadır.	1	1	teens	male		tr	
92511781fc5d4eaa1bc76adfbefbd8e97f838cf23681107e9d51baed506ed4092adc2a2ad2d29c4c037f00fe1131a48cdb66a4815b4a8a769a8d170aada6cb67	common_voice_tr_18439933.mp3	İki ülke bloğa yirmi altı ve yirmi yedi. üyeler olarak katıldı.	1	1	teens	male		tr	
92511781fc5d4eaa1bc76adfbefbd8e97f838cf23681107e9d51baed506ed4092adc2a2ad2d29c4c037f00fe1131a48cdb66a4815b4a8a769a8d170aada6cb67	common_voice_tr_18439941.mp3	Ancak herkes aynı görüşte değil.	1	0	teens	male		tr	
92511781fc5d4eaa1bc76adfbefbd8e97f838cf23681107e9d51baed506ed4092adc2a2ad2d29c4c037f00fe1131a48cdb66a4815b4a8a769a8d170aada6cb67	common_voice_tr_18439944.mp3	Parlamento değişikliği geçen ay kabul etmişti.	1	1	teens	male		tr	
92511781fc5d4eaa1bc76adfbefbd8e97f838cf23681107e9d51baed506ed4092adc2a2ad2d29c4c037f00fe1131a48cdb66a4815b4a8a769a8d170aada6cb67	common_voice_tr_18439959.mp3	Açılışta bir de kutsama töreni düzenlendi.	1	0	teens	male		tr	
92511781fc5d4eaa1bc76adfbefbd8e97f838cf23681107e9d51baed506ed4092adc2a2ad2d29c4c037f00fe1131a48cdb66a4815b4a8a769a8d170aada6cb67	common_voice_tr_18439966.mp3	Genel süreci nasıl değerlendiriyorsunuz?	1	1	teens	male		tr	
92511781fc5d4eaa1bc76adfbefbd8e97f838cf23681107e9d51baed506ed4092adc2a2ad2d29c4c037f00fe1131a48cdb66a4815b4a8a769a8d170aada6cb67	common_voice_tr_18439971.mp3	Sizin bu konudaki kişisel ve profesyonel görüşünüz nedir?	1	0	teens	male		tr	
92511781fc5d4eaa1bc76adfbefbd8e97f838cf23681107e9d51baed506ed4092adc2a2ad2d29c4c037f00fe1131a48cdb66a4815b4a8a769a8d170aada6cb67	common_voice_tr_18439972.mp3	Nikica üç yaşından beri tatil köyünde yaşıyordu.	1	1	teens	male		tr	
92511781fc5d4eaa1bc76adfbefbd8e97f838cf23681107e9d51baed506ed4092adc2a2ad2d29c4c037f00fe1131a48cdb66a4815b4a8a769a8d170aada6cb67	common_voice_tr_18439973.mp3	Ancak duruşmalar henüz sona ermedi.	1	1	teens	male		tr	
92511781fc5d4eaa1bc76adfbefbd8e97f838cf23681107e9d51baed506ed4092adc2a2ad2d29c4c037f00fe1131a48cdb66a4815b4a8a769a8d170aada6cb67	common_voice_tr_18439978.mp3	"Bu yılki festival yirmi sekiz Şubat'ta sona eriyor."	1	1	teens	male		tr	
92511781fc5d4eaa1bc76adfbefbd8e97f838cf23681107e9d51baed506ed4092adc2a2ad2d29c4c037f00fe1131a48cdb66a4815b4a8a769a8d170aada6cb67	common_voice_tr_18439976.mp3	Hepsi de dumandan zehirlenerek öldü.	1	0	teens	male		tr	
92511781fc5d4eaa1bc76adfbefbd8e97f838cf23681107e9d51baed506ed4092adc2a2ad2d29c4c037f00fe1131a48cdb66a4815b4a8a769a8d170aada6cb67	common_voice_tr_18439974.mp3	Refah da zamanla sağlanabilir.	1	0	teens	male		tr	
92511781fc5d4eaa1bc76adfbefbd8e97f838cf23681107e9d51baed506ed4092adc2a2ad2d29c4c037f00fe1131a48cdb66a4815b4a8a769a8d170aada6cb67	common_voice_tr_18439979.mp3	Hayal kuruyor değiliz.	1	1	teens	male		tr	
92511781fc5d4eaa1bc76adfbefbd8e97f838cf23681107e9d51baed506ed4092adc2a2ad2d29c4c037f00fe1131a48cdb66a4815b4a8a769a8d170aada6cb67	common_voice_tr_18439981.mp3	Fakat ömrü bunu görmesine yetmedi.	1	0	teens	male		tr	
92511781fc5d4eaa1bc76adfbefbd8e97f838cf23681107e9d51baed506ed4092adc2a2ad2d29c4c037f00fe1131a48cdb66a4815b4a8a769a8d170aada6cb67	common_voice_tr_18439984.mp3	Panasonic Sırbistanda üretime başlıyor.	1	1	teens	male		tr	
92511781fc5d4eaa1bc76adfbefbd8e97f838cf23681107e9d51baed506ed4092adc2a2ad2d29c4c037f00fe1131a48cdb66a4815b4a8a769a8d170aada6cb67	common_voice_tr_18439985.mp3	Hükümet bölünme olasılığını görüşüyor mu ve sizce bu iyi bir fikir mi?	1	1	teens	male		tr	
92511781fc5d4eaa1bc76adfbefbd8e97f838cf23681107e9d51baed506ed4092adc2a2ad2d29c4c037f00fe1131a48cdb66a4815b4a8a769a8d170aada6cb67	common_voice_tr_18440002.mp3	Bunları başlatıp sürdürmek zor olacak.	1	0	teens	male		tr	
92511781fc5d4eaa1bc76adfbefbd8e97f838cf23681107e9d51baed506ed4092adc2a2ad2d29c4c037f00fe1131a48cdb66a4815b4a8a769a8d170aada6cb67	common_voice_tr_18440005.mp3	Bunların çoğu tanınmış ve saygın kişiler.	1	0	teens	male		tr	
92511781fc5d4eaa1bc76adfbefbd8e97f838cf23681107e9d51baed506ed4092adc2a2ad2d29c4c037f00fe1131a48cdb66a4815b4a8a769a8d170aada6cb67	common_voice_tr_18440004.mp3	O yüzden de bazen keşke o olabilseydim diyorum.	1	0	teens	male		tr	
92511781fc5d4eaa1bc76adfbefbd8e97f838cf23681107e9d51baed506ed4092adc2a2ad2d29c4c037f00fe1131a48cdb66a4815b4a8a769a8d170aada6cb67	common_voice_tr_18440016.mp3	"Kosova'da da benzer bir durum söz konusu."	1	0	teens	male		tr	
92511781fc5d4eaa1bc76adfbefbd8e97f838cf23681107e9d51baed506ed4092adc2a2ad2d29c4c037f00fe1131a48cdb66a4815b4a8a769a8d170aada6cb67	common_voice_tr_18440019.mp3	Ülkede şimdiden koalisyonlar kuruldu.	1	1	teens	male		tr	
92511781fc5d4eaa1bc76adfbefbd8e97f838cf23681107e9d51baed506ed4092adc2a2ad2d29c4c037f00fe1131a48cdb66a4815b4a8a769a8d170aada6cb67	common_voice_tr_18440033.mp3	Reform süreci bir kenara bırakıldı.	1	0	teens	male		tr	
92511781fc5d4eaa1bc76adfbefbd8e97f838cf23681107e9d51baed506ed4092adc2a2ad2d29c4c037f00fe1131a48cdb66a4815b4a8a769a8d170aada6cb67	common_voice_tr_18440034.mp3	"Hisselerin geri kalanı yerel İş Bankası'na ait."	1	1	teens	male		tr	
92511781fc5d4eaa1bc76adfbefbd8e97f838cf23681107e9d51baed506ed4092adc2a2ad2d29c4c037f00fe1131a48cdb66a4815b4a8a769a8d170aada6cb67	common_voice_tr_18440037.mp3	Sizce nerede yanlış yapıldı?	1	1	teens	male		tr	
92511781fc5d4eaa1bc76adfbefbd8e97f838cf23681107e9d51baed506ed4092adc2a2ad2d29c4c037f00fe1131a48cdb66a4815b4a8a769a8d170aada6cb67	common_voice_tr_18440041.mp3	Teşkilata yığınla başvuru var.	1	0	teens	male		tr	
92511781fc5d4eaa1bc76adfbefbd8e97f838cf23681107e9d51baed506ed4092adc2a2ad2d29c4c037f00fe1131a48cdb66a4815b4a8a769a8d170aada6cb67	common_voice_tr_18440039.mp3	Makedon medyasında tek bir şeyi değiştirebilecek olsanız, bu ne olurdu?	0	1	teens	male		tr	
92511781fc5d4eaa1bc76adfbefbd8e97f838cf23681107e9d51baed506ed4092adc2a2ad2d29c4c037f00fe1131a48cdb66a4815b4a8a769a8d170aada6cb67	common_voice_tr_18440049.mp3	Onları savaş suçu davalarına nasıl hazırlıyorsunuz?	1	0	teens	male		tr	
92511781fc5d4eaa1bc76adfbefbd8e97f838cf23681107e9d51baed506ed4092adc2a2ad2d29c4c037f00fe1131a48cdb66a4815b4a8a769a8d170aada6cb67	common_voice_tr_18440047.mp3	Ancak, başbakanın beklediği şekilde değil.	1	0	teens	male		tr	
92511781fc5d4eaa1bc76adfbefbd8e97f838cf23681107e9d51baed506ed4092adc2a2ad2d29c4c037f00fe1131a48cdb66a4815b4a8a769a8d170aada6cb67	common_voice_tr_18440026.mp3	Yunanistan, bazı ülkelerin heyetlerine yönelik ek tedbirler alıyor mu?	1	1	teens	male		tr	
92511781fc5d4eaa1bc76adfbefbd8e97f838cf23681107e9d51baed506ed4092adc2a2ad2d29c4c037f00fe1131a48cdb66a4815b4a8a769a8d170aada6cb67	common_voice_tr_18440051.mp3	Hükümet sorunla baş etmek için adımlar atıyor.	1	1	teens	male		tr	
8754e4cdf928b49365adef934804855603d3652eac415b5bd51d57fb9182cbab964473b8930770bcffc8df6db6408fd3caef437478c311c88a1194cd362e6a84	common_voice_tr_18459585.mp3	Şimdilik.	1	0				tr	
2eb7d9bfd0f889262067bdf1c9fc26a79fb7f93f8f420cf91dcd1dfc7089ecc929e19af838e3ff8e5d4b6b72a4e581d025f469c0988453e3b7bf7d30d0474e4d	common_voice_tr_18464545.mp3	Eski bakan suç işlemediğini iddia ediyor.	1	0	twenties	male		tr	
2eb7d9bfd0f889262067bdf1c9fc26a79fb7f93f8f420cf91dcd1dfc7089ecc929e19af838e3ff8e5d4b6b72a4e581d025f469c0988453e3b7bf7d30d0474e4d	common_voice_tr_18464549.mp3	Anlaşmanın bu sonbaharda imzalanması bekleniyor.	1	0	twenties	male		tr	
2eb7d9bfd0f889262067bdf1c9fc26a79fb7f93f8f420cf91dcd1dfc7089ecc929e19af838e3ff8e5d4b6b72a4e581d025f469c0988453e3b7bf7d30d0474e4d	common_voice_tr_18464542.mp3	İsrailli yetkililer bu konuyu düşünmeli.	1	0	twenties	male		tr	
2eb7d9bfd0f889262067bdf1c9fc26a79fb7f93f8f420cf91dcd1dfc7089ecc929e19af838e3ff8e5d4b6b72a4e581d025f469c0988453e3b7bf7d30d0474e4d	common_voice_tr_18464543.mp3	Halkın güveni yüzde dört oranında azalarak yüzde otuz altıya düştü.	1	0	twenties	male		tr	
5479cd0c991526fd0751b482eec260e056aca39dfc40cd86200aa568aba2e91839ae6a290754ccc0b158dbdc7e719d137f14ae6dc1bccdbf93a3fb4eb74dc9b5	common_voice_tr_18475727.mp3	Okul yılı boyunca başka sınav olmuyordu.	1	0				tr	
922ed261ea0ff66d7aa6c8a389dda699d463e40d28f90bae214a2ccaaf5eba3fd5583d8a08b891820b0b3f31678feeffed8def30713348e03039e6ee8743f5fb	common_voice_tr_18497981.mp3	Projenin üç ay içinde hazır olması bekleniyor.	1	0	twenties	male		tr	
922ed261ea0ff66d7aa6c8a389dda699d463e40d28f90bae214a2ccaaf5eba3fd5583d8a08b891820b0b3f31678feeffed8def30713348e03039e6ee8743f5fb	common_voice_tr_18497982.mp3	Festivale elli yabancı film katıldı.	1	0	twenties	male		tr	
922ed261ea0ff66d7aa6c8a389dda699d463e40d28f90bae214a2ccaaf5eba3fd5583d8a08b891820b0b3f31678feeffed8def30713348e03039e6ee8743f5fb	common_voice_tr_18497985.mp3	Renovasyon çalışmaları yüz elli iki bin avro tutacak.	1	0	twenties	male		tr	
5a38e8beb0624aa5a6c3898d5222f538a867cd03fc27ba115b04bad2b0defc837f2f7d9e2ceba68cf7e55634b57f038093e9e95754c8eab1d6842ec5f32310e9	common_voice_tr_21659786.mp3	sıfır	0	0				tr	Singleword Benchmark
5a38e8beb0624aa5a6c3898d5222f538a867cd03fc27ba115b04bad2b0defc837f2f7d9e2ceba68cf7e55634b57f038093e9e95754c8eab1d6842ec5f32310e9	common_voice_tr_21659951.mp3	üç	0	0				tr	Singleword Benchmark
bf1e8008b60099f9a4fc84606dd1a063120c79ed4b6d5f993805d32be8be52f051b4c204ab2f0ef19e2926dd05d8835e125abb87a1f93d47d92fc6339edcf558	common_voice_tr_21731429.mp3	üç	0	0	twenties	male		tr	Singleword Benchmark
c3f1b7d6a720db96ebe2a16ed8b67fff7b5c984742dc6f3bc23ec54204ab08ee3e57c2aefd5a985b36efc0c0652b1255e5b36b8a0e7af47d1971711629d15221	common_voice_tr_21731455.mp3	sekiz	0	0				tr	Singleword Benchmark
ef1d0f1bb64bfa9a329edbc369b81f8a1a965862c4380b7563801404c3918a91750051d4176d77dfe2a66fb6f7b7b5e351bc118de6226c1f98b21c5ba81ebbe7	common_voice_tr_21829157.mp3	Resmi yarışma programında dokuz film yer alıyor.	1	0	fourties	male		tr	
ef1d0f1bb64bfa9a329edbc369b81f8a1a965862c4380b7563801404c3918a91750051d4176d77dfe2a66fb6f7b7b5e351bc118de6226c1f98b21c5ba81ebbe7	common_voice_tr_21829156.mp3	Fakat bunların çoğu gezilerini iptal ettiler.	1	0	fourties	male		tr	
ef1d0f1bb64bfa9a329edbc369b81f8a1a965862c4380b7563801404c3918a91750051d4176d77dfe2a66fb6f7b7b5e351bc118de6226c1f98b21c5ba81ebbe7	common_voice_tr_21829159.mp3	Profesöre göre, sürecin aşamalı olması gerekiyor.	1	0	fourties	male		tr	
ef1d0f1bb64bfa9a329edbc369b81f8a1a965862c4380b7563801404c3918a91750051d4176d77dfe2a66fb6f7b7b5e351bc118de6226c1f98b21c5ba81ebbe7	common_voice_tr_21829158.mp3	Lucaman buna katılmıyor.	1	0	fourties	male		tr	
ef1d0f1bb64bfa9a329edbc369b81f8a1a965862c4380b7563801404c3918a91750051d4176d77dfe2a66fb6f7b7b5e351bc118de6226c1f98b21c5ba81ebbe7	common_voice_tr_21829160.mp3	Sanıkların tümü suçlamaları reddetti.	1	0	fourties	male		tr	
4184239c7730eb00abbdfd9dbc9863467b936bee5a52345dd8da26f15eae6ee9fdc31f7f8e1bebaa17e2291d80841f14073b38032be8b565116d4ca94c2e19ac	common_voice_tr_22250323.mp3	Anlaşmanın ekonomik faydaları büyük olacak.	1	0	twenties	male		tr	
4184239c7730eb00abbdfd9dbc9863467b936bee5a52345dd8da26f15eae6ee9fdc31f7f8e1bebaa17e2291d80841f14073b38032be8b565116d4ca94c2e19ac	common_voice_tr_22250321.mp3	Podstrana turizm kurulu gelişmelerden memnun.	1	0	twenties	male		tr	
4184239c7730eb00abbdfd9dbc9863467b936bee5a52345dd8da26f15eae6ee9fdc31f7f8e1bebaa17e2291d80841f14073b38032be8b565116d4ca94c2e19ac	common_voice_tr_22250327.mp3	"Nikoliç'in açlık grevinin etkileri ne oldu?"	1	0	twenties	male		tr	
4184239c7730eb00abbdfd9dbc9863467b936bee5a52345dd8da26f15eae6ee9fdc31f7f8e1bebaa17e2291d80841f14073b38032be8b565116d4ca94c2e19ac	common_voice_tr_22250331.mp3	Parti seçimlerden sadece yüzde on sekiz oyla çıktı.	1	0	twenties	male		tr	
4184239c7730eb00abbdfd9dbc9863467b936bee5a52345dd8da26f15eae6ee9fdc31f7f8e1bebaa17e2291d80841f14073b38032be8b565116d4ca94c2e19ac	common_voice_tr_22250374.mp3	Basescu lafı gevelemekten hoşlanmıyor.	1	0	twenties	male		tr	
4184239c7730eb00abbdfd9dbc9863467b936bee5a52345dd8da26f15eae6ee9fdc31f7f8e1bebaa17e2291d80841f14073b38032be8b565116d4ca94c2e19ac	common_voice_tr_22250378.mp3	Krizin etkileri döviz arzında da görülüyor.	1	0	twenties	male		tr	
4184239c7730eb00abbdfd9dbc9863467b936bee5a52345dd8da26f15eae6ee9fdc31f7f8e1bebaa17e2291d80841f14073b38032be8b565116d4ca94c2e19ac	common_voice_tr_22250406.mp3	Tesise yaklaşık altmış milyon avro yatırım yapıldı.	1	0	twenties	male		tr	
4184239c7730eb00abbdfd9dbc9863467b936bee5a52345dd8da26f15eae6ee9fdc31f7f8e1bebaa17e2291d80841f14073b38032be8b565116d4ca94c2e19ac	common_voice_tr_22250381.mp3	Bunun dışındaki her şey spekülasyondur.	1	0	twenties	male		tr	
4184239c7730eb00abbdfd9dbc9863467b936bee5a52345dd8da26f15eae6ee9fdc31f7f8e1bebaa17e2291d80841f14073b38032be8b565116d4ca94c2e19ac	common_voice_tr_22250384.mp3	Yaşamım zordu, çok gezdim, çok öğrendim.	0	1	twenties	male		tr	
4184239c7730eb00abbdfd9dbc9863467b936bee5a52345dd8da26f15eae6ee9fdc31f7f8e1bebaa17e2291d80841f14073b38032be8b565116d4ca94c2e19ac	common_voice_tr_22250388.mp3	"İlki ise Polonya'daydı."	1	0	twenties	male		tr	
4184239c7730eb00abbdfd9dbc9863467b936bee5a52345dd8da26f15eae6ee9fdc31f7f8e1bebaa17e2291d80841f14073b38032be8b565116d4ca94c2e19ac	common_voice_tr_22250405.mp3	Geçiş ülkelerinde yaşananlar ise karışık.	1	0	twenties	male		tr	
4184239c7730eb00abbdfd9dbc9863467b936bee5a52345dd8da26f15eae6ee9fdc31f7f8e1bebaa17e2291d80841f14073b38032be8b565116d4ca94c2e19ac	common_voice_tr_22250404.mp3	Projenin iki bin on yılında tamamlanması bekleniyor.	1	0	twenties	male		tr	
4184239c7730eb00abbdfd9dbc9863467b936bee5a52345dd8da26f15eae6ee9fdc31f7f8e1bebaa17e2291d80841f14073b38032be8b565116d4ca94c2e19ac	common_voice_tr_22250407.mp3	"Bundan sonra ise Viyana'ya dönecek."	1	0	twenties	male		tr	
4184239c7730eb00abbdfd9dbc9863467b936bee5a52345dd8da26f15eae6ee9fdc31f7f8e1bebaa17e2291d80841f14073b38032be8b565116d4ca94c2e19ac	common_voice_tr_22250408.mp3	Karadağ geçen yılki seksen dördüncü sıradan doksana düştü.	1	0	twenties	male		tr	
110a1039ed9168b2ce78e7f3567ac3bc80e8b77b175d9bfeff64c5fe2e165b6d2bf69a5091d0912372c2ee9f2f9b8e5a7b0813982c188a5ce17f11c854b5a9d3	common_voice_tr_22409921.mp3	Muhtemelen hayır.	0	0	twenties	male		tr	
110a1039ed9168b2ce78e7f3567ac3bc80e8b77b175d9bfeff64c5fe2e165b6d2bf69a5091d0912372c2ee9f2f9b8e5a7b0813982c188a5ce17f11c854b5a9d3	common_voice_tr_22409953.mp3	Katılım yaklaşık yüzde yetmiş oranında gerçekleşti.	0	0	twenties	male		tr	
110a1039ed9168b2ce78e7f3567ac3bc80e8b77b175d9bfeff64c5fe2e165b6d2bf69a5091d0912372c2ee9f2f9b8e5a7b0813982c188a5ce17f11c854b5a9d3	common_voice_tr_22409955.mp3	Son kilometre taşı ise Aralık iki bin dörtte.	0	0	twenties	male		tr	
110a1039ed9168b2ce78e7f3567ac3bc80e8b77b175d9bfeff64c5fe2e165b6d2bf69a5091d0912372c2ee9f2f9b8e5a7b0813982c188a5ce17f11c854b5a9d3	common_voice_tr_22409958.mp3	Gözden geçirme sekiz Ocak iki bin üçte başlatıldı.	0	0	twenties	male		tr	
110a1039ed9168b2ce78e7f3567ac3bc80e8b77b175d9bfeff64c5fe2e165b6d2bf69a5091d0912372c2ee9f2f9b8e5a7b0813982c188a5ce17f11c854b5a9d3	common_voice_tr_22409960.mp3	İnsanlar daha iyi yaşam fırsatları arıyorlar.	0	0	twenties	male		tr	
110a1039ed9168b2ce78e7f3567ac3bc80e8b77b175d9bfeff64c5fe2e165b6d2bf69a5091d0912372c2ee9f2f9b8e5a7b0813982c188a5ce17f11c854b5a9d3	common_voice_tr_22409949.mp3	Açılış töreni Eylül ayı sonlarında gerçekleşti.	0	0	twenties	male		tr	
110a1039ed9168b2ce78e7f3567ac3bc80e8b77b175d9bfeff64c5fe2e165b6d2bf69a5091d0912372c2ee9f2f9b8e5a7b0813982c188a5ce17f11c854b5a9d3	common_voice_tr_22409979.mp3	Bu konu üzerinde iyi düşünmemiz gerekir.	0	0	twenties	male		tr	
110a1039ed9168b2ce78e7f3567ac3bc80e8b77b175d9bfeff64c5fe2e165b6d2bf69a5091d0912372c2ee9f2f9b8e5a7b0813982c188a5ce17f11c854b5a9d3	common_voice_tr_22409978.mp3	İki ülke bloğa Ocak ayında katılacak.	0	0	twenties	male		tr	
110a1039ed9168b2ce78e7f3567ac3bc80e8b77b175d9bfeff64c5fe2e165b6d2bf69a5091d0912372c2ee9f2f9b8e5a7b0813982c188a5ce17f11c854b5a9d3	common_voice_tr_22409981.mp3	Sırbistan ilk olarak on üçüncü yüzyılda krallık oldu.	0	0	twenties	male		tr	
110a1039ed9168b2ce78e7f3567ac3bc80e8b77b175d9bfeff64c5fe2e165b6d2bf69a5091d0912372c2ee9f2f9b8e5a7b0813982c188a5ce17f11c854b5a9d3	common_voice_tr_22409980.mp3	Yarışmacılar aylardır şarkılarını tanıtıyorlar.	0	0	twenties	male		tr	
110a1039ed9168b2ce78e7f3567ac3bc80e8b77b175d9bfeff64c5fe2e165b6d2bf69a5091d0912372c2ee9f2f9b8e5a7b0813982c188a5ce17f11c854b5a9d3	common_voice_tr_22409977.mp3	Maaşlar ve emekli aylıklarında kesinti yapıldı.	0	0	twenties	male		tr	
110a1039ed9168b2ce78e7f3567ac3bc80e8b77b175d9bfeff64c5fe2e165b6d2bf69a5091d0912372c2ee9f2f9b8e5a7b0813982c188a5ce17f11c854b5a9d3	common_voice_tr_22410007.mp3	Bu bina bir dini yapıdan fazlasıdır.	0	0	twenties	male		tr	
110a1039ed9168b2ce78e7f3567ac3bc80e8b77b175d9bfeff64c5fe2e165b6d2bf69a5091d0912372c2ee9f2f9b8e5a7b0813982c188a5ce17f11c854b5a9d3	common_voice_tr_22410009.mp3	"Halandri'de yaşayan İoannis Zaharopoulos."	0	0	twenties	male		tr	
110a1039ed9168b2ce78e7f3567ac3bc80e8b77b175d9bfeff64c5fe2e165b6d2bf69a5091d0912372c2ee9f2f9b8e5a7b0813982c188a5ce17f11c854b5a9d3	common_voice_tr_22410008.mp3	Bu ülkenin zamanı azalıyor.	0	0	twenties	male		tr	
110a1039ed9168b2ce78e7f3567ac3bc80e8b77b175d9bfeff64c5fe2e165b6d2bf69a5091d0912372c2ee9f2f9b8e5a7b0813982c188a5ce17f11c854b5a9d3	common_voice_tr_22410005.mp3	Umarım Hırvat siyaseti bu doğrultuda devam eder.	0	0	twenties	male		tr	
110a1039ed9168b2ce78e7f3567ac3bc80e8b77b175d9bfeff64c5fe2e165b6d2bf69a5091d0912372c2ee9f2f9b8e5a7b0813982c188a5ce17f11c854b5a9d3	common_voice_tr_22410006.mp3	Fakat artık çok geçti.	0	0	twenties	male		tr	
110a1039ed9168b2ce78e7f3567ac3bc80e8b77b175d9bfeff64c5fe2e165b6d2bf69a5091d0912372c2ee9f2f9b8e5a7b0813982c188a5ce17f11c854b5a9d3	common_voice_tr_22410020.mp3	Üyeler beş yıl süreyle atanacaklar.	0	0	twenties	male		tr	
110a1039ed9168b2ce78e7f3567ac3bc80e8b77b175d9bfeff64c5fe2e165b6d2bf69a5091d0912372c2ee9f2f9b8e5a7b0813982c188a5ce17f11c854b5a9d3	common_voice_tr_22410022.mp3	"Rücker göreve resmi olarak bir Eylül'de başlayacak."	0	0	twenties	male		tr	
110a1039ed9168b2ce78e7f3567ac3bc80e8b77b175d9bfeff64c5fe2e165b6d2bf69a5091d0912372c2ee9f2f9b8e5a7b0813982c188a5ce17f11c854b5a9d3	common_voice_tr_22410024.mp3	Olaylar uluslararası alanda da kınandılar.	0	0	twenties	male		tr	
110a1039ed9168b2ce78e7f3567ac3bc80e8b77b175d9bfeff64c5fe2e165b6d2bf69a5091d0912372c2ee9f2f9b8e5a7b0813982c188a5ce17f11c854b5a9d3	common_voice_tr_22410028.mp3	Gösterge faiz oranı yüzde altıdan yüzde beş virgül yetmiş beşe düşürüldü.	0	0	twenties	male		tr	
110a1039ed9168b2ce78e7f3567ac3bc80e8b77b175d9bfeff64c5fe2e165b6d2bf69a5091d0912372c2ee9f2f9b8e5a7b0813982c188a5ce17f11c854b5a9d3	common_voice_tr_22410039.mp3	Bombalardan biri patlayarak hasara yol açtı.	0	0	twenties	male		tr	
110a1039ed9168b2ce78e7f3567ac3bc80e8b77b175d9bfeff64c5fe2e165b6d2bf69a5091d0912372c2ee9f2f9b8e5a7b0813982c188a5ce17f11c854b5a9d3	common_voice_tr_22410037.mp3	Karışıklık özellikle kırsal bölgelerde belirgin.	0	0	twenties	male		tr	
110a1039ed9168b2ce78e7f3567ac3bc80e8b77b175d9bfeff64c5fe2e165b6d2bf69a5091d0912372c2ee9f2f9b8e5a7b0813982c188a5ce17f11c854b5a9d3	common_voice_tr_22410040.mp3	Bu tanıklar sanığı fail olarak teşhis etmedi.	0	0	twenties	male		tr	
110a1039ed9168b2ce78e7f3567ac3bc80e8b77b175d9bfeff64c5fe2e165b6d2bf69a5091d0912372c2ee9f2f9b8e5a7b0813982c188a5ce17f11c854b5a9d3	common_voice_tr_22410038.mp3	Bu iş kolay olmayacak.	0	0	twenties	male		tr	
110a1039ed9168b2ce78e7f3567ac3bc80e8b77b175d9bfeff64c5fe2e165b6d2bf69a5091d0912372c2ee9f2f9b8e5a7b0813982c188a5ce17f11c854b5a9d3	common_voice_tr_22410030.mp3	Bana hiçbir yeni öneri getirilmedi.	0	0	twenties	male		tr	
110a1039ed9168b2ce78e7f3567ac3bc80e8b77b175d9bfeff64c5fe2e165b6d2bf69a5091d0912372c2ee9f2f9b8e5a7b0813982c188a5ce17f11c854b5a9d3	common_voice_tr_22410036.mp3	Hükümet anlaşmayı Haziran ayında imzalamıştı.	0	0	twenties	male		tr	
110a1039ed9168b2ce78e7f3567ac3bc80e8b77b175d9bfeff64c5fe2e165b6d2bf69a5091d0912372c2ee9f2f9b8e5a7b0813982c188a5ce17f11c854b5a9d3	common_voice_tr_22410072.mp3	Bu güne Badnik adı verilir.	0	0	twenties	male		tr	
110a1039ed9168b2ce78e7f3567ac3bc80e8b77b175d9bfeff64c5fe2e165b6d2bf69a5091d0912372c2ee9f2f9b8e5a7b0813982c188a5ce17f11c854b5a9d3	common_voice_tr_22410070.mp3	Asker de öyle.	0	0	twenties	male		tr	
110a1039ed9168b2ce78e7f3567ac3bc80e8b77b175d9bfeff64c5fe2e165b6d2bf69a5091d0912372c2ee9f2f9b8e5a7b0813982c188a5ce17f11c854b5a9d3	common_voice_tr_22410075.mp3	"Aleksiç'i dipçikleriyle dövmeye başladılar."	0	0	twenties	male		tr	
110a1039ed9168b2ce78e7f3567ac3bc80e8b77b175d9bfeff64c5fe2e165b6d2bf69a5091d0912372c2ee9f2f9b8e5a7b0813982c188a5ce17f11c854b5a9d3	common_voice_tr_22410073.mp3	İki lider sokaklarda dolaşarak halkla selamlaştı.	0	0	twenties	male		tr	
110a1039ed9168b2ce78e7f3567ac3bc80e8b77b175d9bfeff64c5fe2e165b6d2bf69a5091d0912372c2ee9f2f9b8e5a7b0813982c188a5ce17f11c854b5a9d3	common_voice_tr_22410077.mp3	"Blogcu, ""Generallerin istifasından sonra, bunların olmasını önleme umudu kaldı mı?"" diye soruyor."	0	0	twenties	male		tr	
110a1039ed9168b2ce78e7f3567ac3bc80e8b77b175d9bfeff64c5fe2e165b6d2bf69a5091d0912372c2ee9f2f9b8e5a7b0813982c188a5ce17f11c854b5a9d3	common_voice_tr_22410098.mp3	Kurallar kamptan kampa değişiyor gibi görünüyor.	0	0	twenties	male		tr	
110a1039ed9168b2ce78e7f3567ac3bc80e8b77b175d9bfeff64c5fe2e165b6d2bf69a5091d0912372c2ee9f2f9b8e5a7b0813982c188a5ce17f11c854b5a9d3	common_voice_tr_22410096.mp3	Şeffaflık eksikliği bunu anlamayı zorlaştırıyor.	0	0	twenties	male		tr	
110a1039ed9168b2ce78e7f3567ac3bc80e8b77b175d9bfeff64c5fe2e165b6d2bf69a5091d0912372c2ee9f2f9b8e5a7b0813982c188a5ce17f11c854b5a9d3	common_voice_tr_22410097.mp3	Etkinliğin ana konusu kategori teorisiydi.	0	0	twenties	male		tr	
110a1039ed9168b2ce78e7f3567ac3bc80e8b77b175d9bfeff64c5fe2e165b6d2bf69a5091d0912372c2ee9f2f9b8e5a7b0813982c188a5ce17f11c854b5a9d3	common_voice_tr_22410094.mp3	Bu yılki fuarda çocuk edebiyatı vurgulanıyor.	0	0	twenties	male		tr	
110a1039ed9168b2ce78e7f3567ac3bc80e8b77b175d9bfeff64c5fe2e165b6d2bf69a5091d0912372c2ee9f2f9b8e5a7b0813982c188a5ce17f11c854b5a9d3	common_voice_tr_22410095.mp3	Birlikte iki çocukları olmuş.	0	0	twenties	male		tr	
110a1039ed9168b2ce78e7f3567ac3bc80e8b77b175d9bfeff64c5fe2e165b6d2bf69a5091d0912372c2ee9f2f9b8e5a7b0813982c188a5ce17f11c854b5a9d3	common_voice_tr_22410121.mp3	Gerçekler olmadan barış olmaz.	0	0	twenties	male		tr	
110a1039ed9168b2ce78e7f3567ac3bc80e8b77b175d9bfeff64c5fe2e165b6d2bf69a5091d0912372c2ee9f2f9b8e5a7b0813982c188a5ce17f11c854b5a9d3	common_voice_tr_22410122.mp3	Louka Katseli ekonomi bakanı olacak.	0	0	twenties	male		tr	
110a1039ed9168b2ce78e7f3567ac3bc80e8b77b175d9bfeff64c5fe2e165b6d2bf69a5091d0912372c2ee9f2f9b8e5a7b0813982c188a5ce17f11c854b5a9d3	common_voice_tr_22410123.mp3	Türkiye reformu desteklemek için yeterli çaba gösteriyor mu?	0	0	twenties	male		tr	
110a1039ed9168b2ce78e7f3567ac3bc80e8b77b175d9bfeff64c5fe2e165b6d2bf69a5091d0912372c2ee9f2f9b8e5a7b0813982c188a5ce17f11c854b5a9d3	common_voice_tr_22410120.mp3	Eylemci grupları daha az ihtiyatlı davrandılar.	0	0	twenties	male		tr	
110a1039ed9168b2ce78e7f3567ac3bc80e8b77b175d9bfeff64c5fe2e165b6d2bf69a5091d0912372c2ee9f2f9b8e5a7b0813982c188a5ce17f11c854b5a9d3	common_voice_tr_22410119.mp3	Toplam bir virgül dokuz milyon oy kullanıldı.	0	0	twenties	male		tr	
110a1039ed9168b2ce78e7f3567ac3bc80e8b77b175d9bfeff64c5fe2e165b6d2bf69a5091d0912372c2ee9f2f9b8e5a7b0813982c188a5ce17f11c854b5a9d3	common_voice_tr_22410162.mp3	Bu kişiler de üçer yıl hapis cezası aldılar.	0	0	twenties	male		tr	
110a1039ed9168b2ce78e7f3567ac3bc80e8b77b175d9bfeff64c5fe2e165b6d2bf69a5091d0912372c2ee9f2f9b8e5a7b0813982c188a5ce17f11c854b5a9d3	common_voice_tr_22410164.mp3	Eğer diyalog mümkünse, bu nasıl ve hangi uluslararası unsurların arabuluculuğu ile olabilir?	0	0	twenties	male		tr	
110a1039ed9168b2ce78e7f3567ac3bc80e8b77b175d9bfeff64c5fe2e165b6d2bf69a5091d0912372c2ee9f2f9b8e5a7b0813982c188a5ce17f11c854b5a9d3	common_voice_tr_22410165.mp3	"Makedonya'da şu andaki işsizlik oranı yüzde otuz üç virgül sekiz."	0	0	twenties	male		tr	
110a1039ed9168b2ce78e7f3567ac3bc80e8b77b175d9bfeff64c5fe2e165b6d2bf69a5091d0912372c2ee9f2f9b8e5a7b0813982c188a5ce17f11c854b5a9d3	common_voice_tr_22410163.mp3	Sonucu çok az kişi tahmin etmişti.	0	0	twenties	male		tr	
110a1039ed9168b2ce78e7f3567ac3bc80e8b77b175d9bfeff64c5fe2e165b6d2bf69a5091d0912372c2ee9f2f9b8e5a7b0813982c188a5ce17f11c854b5a9d3	common_voice_tr_22410166.mp3	Ancak iki taraf da konuşma yapmadı.	0	0	twenties	male		tr	
2e69b18ad291f7b69d32f5c608b73aadd458f6bed4df8b3e8bf756025e257b2f4e2ee51b62df6763bb52260fc546e7be4aec59fa642b96a8c68618919dc722c8	common_voice_tr_22416878.mp3	Kosteliç komisyona seçilen ilk Hırvat oldu.	0	0	twenties	male		tr	
2e69b18ad291f7b69d32f5c608b73aadd458f6bed4df8b3e8bf756025e257b2f4e2ee51b62df6763bb52260fc546e7be4aec59fa642b96a8c68618919dc722c8	common_voice_tr_22416894.mp3	"Balkanlar'ın yükselen küresel kültüre bağlanma olasılığı nedir?"	0	0	twenties	male		tr	
2e69b18ad291f7b69d32f5c608b73aadd458f6bed4df8b3e8bf756025e257b2f4e2ee51b62df6763bb52260fc546e7be4aec59fa642b96a8c68618919dc722c8	common_voice_tr_22416895.mp3	"Kosova'da da benzer bir durum söz konusu."	0	0	twenties	male		tr	
2e69b18ad291f7b69d32f5c608b73aadd458f6bed4df8b3e8bf756025e257b2f4e2ee51b62df6763bb52260fc546e7be4aec59fa642b96a8c68618919dc722c8	common_voice_tr_22416897.mp3	Batı Balkanlar nereye doğru gidiyor?	0	0	twenties	male		tr	
2e69b18ad291f7b69d32f5c608b73aadd458f6bed4df8b3e8bf756025e257b2f4e2ee51b62df6763bb52260fc546e7be4aec59fa642b96a8c68618919dc722c8	common_voice_tr_22416902.mp3	İsrailli yetkililer bu konuyu düşünmeli.	0	0	twenties	male		tr	
2e69b18ad291f7b69d32f5c608b73aadd458f6bed4df8b3e8bf756025e257b2f4e2ee51b62df6763bb52260fc546e7be4aec59fa642b96a8c68618919dc722c8	common_voice_tr_22416893.mp3	"İkinci tur on üç Aralık'ta gerçekleşecek."	0	0	twenties	male		tr	
2e69b18ad291f7b69d32f5c608b73aadd458f6bed4df8b3e8bf756025e257b2f4e2ee51b62df6763bb52260fc546e7be4aec59fa642b96a8c68618919dc722c8	common_voice_tr_22416925.mp3	Bu hedefe ulaşıldı mı?	0	0	twenties	male		tr	
2e69b18ad291f7b69d32f5c608b73aadd458f6bed4df8b3e8bf756025e257b2f4e2ee51b62df6763bb52260fc546e7be4aec59fa642b96a8c68618919dc722c8	common_voice_tr_22416927.mp3	Brady tahvilleri de bu dönemden kalma bir miras.	0	0	twenties	male		tr	
2e69b18ad291f7b69d32f5c608b73aadd458f6bed4df8b3e8bf756025e257b2f4e2ee51b62df6763bb52260fc546e7be4aec59fa642b96a8c68618919dc722c8	common_voice_tr_22416928.mp3	Hepsi de dumandan zehirlenerek öldü.	0	0	twenties	male		tr	
2e69b18ad291f7b69d32f5c608b73aadd458f6bed4df8b3e8bf756025e257b2f4e2ee51b62df6763bb52260fc546e7be4aec59fa642b96a8c68618919dc722c8	common_voice_tr_22416926.mp3	Her iki toplumdan da sakin olmalarını istiyoruz.	0	0	twenties	male		tr	
2e69b18ad291f7b69d32f5c608b73aadd458f6bed4df8b3e8bf756025e257b2f4e2ee51b62df6763bb52260fc546e7be4aec59fa642b96a8c68618919dc722c8	common_voice_tr_22416929.mp3	Eşit konumda değilsiniz.	0	0	twenties	male		tr	
2e69b18ad291f7b69d32f5c608b73aadd458f6bed4df8b3e8bf756025e257b2f4e2ee51b62df6763bb52260fc546e7be4aec59fa642b96a8c68618919dc722c8	common_voice_tr_22416943.mp3	Dürüst olmak gerekirse, bu acı veriyor.	0	0	twenties	male		tr	
2e69b18ad291f7b69d32f5c608b73aadd458f6bed4df8b3e8bf756025e257b2f4e2ee51b62df6763bb52260fc546e7be4aec59fa642b96a8c68618919dc722c8	common_voice_tr_22416949.mp3	Rus Casusu?	0	0	twenties	male		tr	
2e69b18ad291f7b69d32f5c608b73aadd458f6bed4df8b3e8bf756025e257b2f4e2ee51b62df6763bb52260fc546e7be4aec59fa642b96a8c68618919dc722c8	common_voice_tr_22416946.mp3	Ahtisaari planının ayrıntıları ne söylüyor?	0	0	twenties	male		tr	
2e69b18ad291f7b69d32f5c608b73aadd458f6bed4df8b3e8bf756025e257b2f4e2ee51b62df6763bb52260fc546e7be4aec59fa642b96a8c68618919dc722c8	common_voice_tr_22416944.mp3	Pürüzsüz bir kıvam elde edene kadar karıştırın.	0	0	twenties	male		tr	
2e69b18ad291f7b69d32f5c608b73aadd458f6bed4df8b3e8bf756025e257b2f4e2ee51b62df6763bb52260fc546e7be4aec59fa642b96a8c68618919dc722c8	common_voice_tr_22416956.mp3	"Festival yirmi altı Kasım'a kadar devam edecek."	0	0	twenties	male		tr	
2e69b18ad291f7b69d32f5c608b73aadd458f6bed4df8b3e8bf756025e257b2f4e2ee51b62df6763bb52260fc546e7be4aec59fa642b96a8c68618919dc722c8	common_voice_tr_22416959.mp3	"Kolaylık, Karadağ'ın değerlerinden biri."	0	0	twenties	male		tr	
2e69b18ad291f7b69d32f5c608b73aadd458f6bed4df8b3e8bf756025e257b2f4e2ee51b62df6763bb52260fc546e7be4aec59fa642b96a8c68618919dc722c8	common_voice_tr_22416957.mp3	Bence bu yeni ortaya çıkmış bir şey değil.	0	0	twenties	male		tr	
2e69b18ad291f7b69d32f5c608b73aadd458f6bed4df8b3e8bf756025e257b2f4e2ee51b62df6763bb52260fc546e7be4aec59fa642b96a8c68618919dc722c8	common_voice_tr_22416955.mp3	Ardından kötü haber geldi.	0	0	twenties	male		tr	
2e69b18ad291f7b69d32f5c608b73aadd458f6bed4df8b3e8bf756025e257b2f4e2ee51b62df6763bb52260fc546e7be4aec59fa642b96a8c68618919dc722c8	common_voice_tr_22416958.mp3	Belgradlı sinemaseverler için seçenekler azaldı.	0	0	twenties	male		tr	
2e69b18ad291f7b69d32f5c608b73aadd458f6bed4df8b3e8bf756025e257b2f4e2ee51b62df6763bb52260fc546e7be4aec59fa642b96a8c68618919dc722c8	common_voice_tr_22416948.mp3	Bölgede yıllardır süren husumet artık sona mı eriyor?	0	0	twenties	male		tr	
2e69b18ad291f7b69d32f5c608b73aadd458f6bed4df8b3e8bf756025e257b2f4e2ee51b62df6763bb52260fc546e7be4aec59fa642b96a8c68618919dc722c8	common_voice_tr_22416981.mp3	Organize suç olasılığı da dışlanmadı.	0	0	twenties	male		tr	
2e69b18ad291f7b69d32f5c608b73aadd458f6bed4df8b3e8bf756025e257b2f4e2ee51b62df6763bb52260fc546e7be4aec59fa642b96a8c68618919dc722c8	common_voice_tr_22416982.mp3	Çok sayıda işçi işten çıkarıldı.	0	0	twenties	male		tr	
2e69b18ad291f7b69d32f5c608b73aadd458f6bed4df8b3e8bf756025e257b2f4e2ee51b62df6763bb52260fc546e7be4aec59fa642b96a8c68618919dc722c8	common_voice_tr_22416980.mp3	Ardından da silahlı çatışmalar çıktı.	0	0	twenties	male		tr	
2e69b18ad291f7b69d32f5c608b73aadd458f6bed4df8b3e8bf756025e257b2f4e2ee51b62df6763bb52260fc546e7be4aec59fa642b96a8c68618919dc722c8	common_voice_tr_22416983.mp3	Belgenin bir ay içinde imzalanması bekleniyor.	0	0	twenties	male		tr	
2e69b18ad291f7b69d32f5c608b73aadd458f6bed4df8b3e8bf756025e257b2f4e2ee51b62df6763bb52260fc546e7be4aec59fa642b96a8c68618919dc722c8	common_voice_tr_22416984.mp3	Onlar şanslı olanlar.	0	0	twenties	male		tr	
2e69b18ad291f7b69d32f5c608b73aadd458f6bed4df8b3e8bf756025e257b2f4e2ee51b62df6763bb52260fc546e7be4aec59fa642b96a8c68618919dc722c8	common_voice_tr_22417045.mp3	Savunma makamı karara itiraz edeceğini belirtti.	0	0	twenties	male		tr	
2e69b18ad291f7b69d32f5c608b73aadd458f6bed4df8b3e8bf756025e257b2f4e2ee51b62df6763bb52260fc546e7be4aec59fa642b96a8c68618919dc722c8	common_voice_tr_22417031.mp3	Tarih köprüyü bir Balkan simgesi haline getirdi.	0	0	twenties	male		tr	
2e69b18ad291f7b69d32f5c608b73aadd458f6bed4df8b3e8bf756025e257b2f4e2ee51b62df6763bb52260fc546e7be4aec59fa642b96a8c68618919dc722c8	common_voice_tr_22417030.mp3	"Tesis, Balkanlar'daki en büyük su parkı olacak."	0	0	twenties	male		tr	
2e69b18ad291f7b69d32f5c608b73aadd458f6bed4df8b3e8bf756025e257b2f4e2ee51b62df6763bb52260fc546e7be4aec59fa642b96a8c68618919dc722c8	common_voice_tr_22417032.mp3	Papa on altı.	0	0	twenties	male		tr	
2e69b18ad291f7b69d32f5c608b73aadd458f6bed4df8b3e8bf756025e257b2f4e2ee51b62df6763bb52260fc546e7be4aec59fa642b96a8c68618919dc722c8	common_voice_tr_22417033.mp3	Söz konusu karar, aylar önce yürürlüğe konmuştu.	0	0	twenties	male		tr	
2e69b18ad291f7b69d32f5c608b73aadd458f6bed4df8b3e8bf756025e257b2f4e2ee51b62df6763bb52260fc546e7be4aec59fa642b96a8c68618919dc722c8	common_voice_tr_22417034.mp3	İlk defa listeler İnternette de yayınlanıyor.	0	0	twenties	male		tr	
2e69b18ad291f7b69d32f5c608b73aadd458f6bed4df8b3e8bf756025e257b2f4e2ee51b62df6763bb52260fc546e7be4aec59fa642b96a8c68618919dc722c8	common_voice_tr_22417046.mp3	Krivokapiç ise talebi reddetti.	0	0	twenties	male		tr	
2e69b18ad291f7b69d32f5c608b73aadd458f6bed4df8b3e8bf756025e257b2f4e2ee51b62df6763bb52260fc546e7be4aec59fa642b96a8c68618919dc722c8	common_voice_tr_22417047.mp3	Ancak bu bakanın hoşuna gitmedi.	0	0	twenties	male		tr	
2e69b18ad291f7b69d32f5c608b73aadd458f6bed4df8b3e8bf756025e257b2f4e2ee51b62df6763bb52260fc546e7be4aec59fa642b96a8c68618919dc722c8	common_voice_tr_22417049.mp3	Dış basın bu büyüyen olguya odaklanmaya başladı.	0	0	twenties	male		tr	
610826c7f161cc450bce080db82bc55246361b9d4ae1f1cea9dbe1f0a97a5660793980a74cccb1b7cf236cd330bdb8863c14efded9858ef317e12e8df0334b35	common_voice_tr_22419563.mp3	Aile kilisedeki Noel ayinine de katılıyor.	0	0	fourties	male		tr	
610826c7f161cc450bce080db82bc55246361b9d4ae1f1cea9dbe1f0a97a5660793980a74cccb1b7cf236cd330bdb8863c14efded9858ef317e12e8df0334b35	common_voice_tr_22419573.mp3	Bu eski sistemin maliyeti de yüksekti.	0	0	fourties	male		tr	
610826c7f161cc450bce080db82bc55246361b9d4ae1f1cea9dbe1f0a97a5660793980a74cccb1b7cf236cd330bdb8863c14efded9858ef317e12e8df0334b35	common_voice_tr_22419570.mp3	İleriye gideceğimize geriye gidiyoruz.	0	0	fourties	male		tr	
610826c7f161cc450bce080db82bc55246361b9d4ae1f1cea9dbe1f0a97a5660793980a74cccb1b7cf236cd330bdb8863c14efded9858ef317e12e8df0334b35	common_voice_tr_22419571.mp3	Bu kampanya beklenilen başarıya ulaştı mı?	0	0	fourties	male		tr	
610826c7f161cc450bce080db82bc55246361b9d4ae1f1cea9dbe1f0a97a5660793980a74cccb1b7cf236cd330bdb8863c14efded9858ef317e12e8df0334b35	common_voice_tr_22419574.mp3	Ve evet, doğru karar vermişiz.	0	0	fourties	male		tr	
610826c7f161cc450bce080db82bc55246361b9d4ae1f1cea9dbe1f0a97a5660793980a74cccb1b7cf236cd330bdb8863c14efded9858ef317e12e8df0334b35	common_voice_tr_22419572.mp3	Aksi takdirde gerileme kaçınılmaz olacak.	0	0	fourties	male		tr	
e7e6be310a3043e8a85a4b40913f3f749279fd61386abf43485566b3e9750dd6927bf7991fd7d11d28013c5ca430064e61d562f8c20c424e049c9619eeb03794	common_voice_tr_22424873.mp3	Fakat suç yalnızca siyasi farklılıkların değil.	0	0				tr	
ba183bad97252cd7af2bc194d05817b62d8cd25d665602b737e35cb8ec2310873008b48842e6b2bbadcf9610621fec204aef809bd3be6b58ae0add0d7f9a1f46	common_voice_tr_22433352.mp3	dört	1	0				tr	Singleword Benchmark
e808486b7908837aaf3e6f332c96869a9d087455080368e1f594716cc505cd4fb6efbe8c19fb0106dd4b00bac2d2f34d3215757f0a716e22839761f46bf3c0a5	common_voice_tr_22445493.mp3	"Kostunica'nın Seydiu ile görüşmesi beklenmiyor."	0	0				tr	
e808486b7908837aaf3e6f332c96869a9d087455080368e1f594716cc505cd4fb6efbe8c19fb0106dd4b00bac2d2f34d3215757f0a716e22839761f46bf3c0a5	common_voice_tr_22445491.mp3	dört	0	0				tr	Singleword Benchmark
e808486b7908837aaf3e6f332c96869a9d087455080368e1f594716cc505cd4fb6efbe8c19fb0106dd4b00bac2d2f34d3215757f0a716e22839761f46bf3c0a5	common_voice_tr_22445523.mp3	Bu da çok daha fazla ortak çaba gerektiriyor.	0	0				tr	
e808486b7908837aaf3e6f332c96869a9d087455080368e1f594716cc505cd4fb6efbe8c19fb0106dd4b00bac2d2f34d3215757f0a716e22839761f46bf3c0a5	common_voice_tr_22445519.mp3	Fakat bu da uymuyor.	0	0				tr	
e808486b7908837aaf3e6f332c96869a9d087455080368e1f594716cc505cd4fb6efbe8c19fb0106dd4b00bac2d2f34d3215757f0a716e22839761f46bf3c0a5	common_voice_tr_22445522.mp3	Okul yılı boyunca başka sınav olmuyordu.	0	0				tr	
e808486b7908837aaf3e6f332c96869a9d087455080368e1f594716cc505cd4fb6efbe8c19fb0106dd4b00bac2d2f34d3215757f0a716e22839761f46bf3c0a5	common_voice_tr_22445520.mp3	Yani durumda bir değişiklik olmayacak.	0	0				tr	
e808486b7908837aaf3e6f332c96869a9d087455080368e1f594716cc505cd4fb6efbe8c19fb0106dd4b00bac2d2f34d3215757f0a716e22839761f46bf3c0a5	common_voice_tr_22445521.mp3	"""Yaşamak istiyorum!"" Rukavina'nın mektubunun ilk satırıydı."	0	0				tr	
e808486b7908837aaf3e6f332c96869a9d087455080368e1f594716cc505cd4fb6efbe8c19fb0106dd4b00bac2d2f34d3215757f0a716e22839761f46bf3c0a5	common_voice_tr_22445529.mp3	Erkekler kaldı.	0	0				tr	
e808486b7908837aaf3e6f332c96869a9d087455080368e1f594716cc505cd4fb6efbe8c19fb0106dd4b00bac2d2f34d3215757f0a716e22839761f46bf3c0a5	common_voice_tr_22445531.mp3	Taşınmaz ordu malları konusunda anlaşmaya varmaya yetecek kadar iyi mi?	0	0				tr	
e808486b7908837aaf3e6f332c96869a9d087455080368e1f594716cc505cd4fb6efbe8c19fb0106dd4b00bac2d2f34d3215757f0a716e22839761f46bf3c0a5	common_voice_tr_22445532.mp3	İçerideki bölünmeler ülkenin uluslararası arenadaki görevine gölge düşürecek mi?	0	0				tr	
e808486b7908837aaf3e6f332c96869a9d087455080368e1f594716cc505cd4fb6efbe8c19fb0106dd4b00bac2d2f34d3215757f0a716e22839761f46bf3c0a5	common_voice_tr_22445530.mp3	Muhalefet partileri de şikayetteler.	0	0				tr	
f58bab150fb6d452f028697b97e9032d372452c9e6002290432280121f5e5bac786de13b0cb2128d9825b4b8a558df200ffe78d9db6e09b3ce2ab02ddde3256f	common_voice_tr_22462716.mp3	dört	0	0				tr	Singleword Benchmark
f58bab150fb6d452f028697b97e9032d372452c9e6002290432280121f5e5bac786de13b0cb2128d9825b4b8a558df200ffe78d9db6e09b3ce2ab02ddde3256f	common_voice_tr_22462715.mp3	bir	1	0				tr	Singleword Benchmark
110ef1bc367a63b877f98d637e4df8e7425c7b75a2d480bc46347e47a0955d9643bc9fb7b0bfbbe9fdff633a9d7cffbdd46ba8bbfdf13781ee986f29def81922	common_voice_tr_22474273.mp3	sıfır	0	1				tr	Singleword Benchmark
110ef1bc367a63b877f98d637e4df8e7425c7b75a2d480bc46347e47a0955d9643bc9fb7b0bfbbe9fdff633a9d7cffbdd46ba8bbfdf13781ee986f29def81922	common_voice_tr_22474275.mp3	altı	1	0				tr	Singleword Benchmark
25e40b1938d0956ccae093f3a4d160fb3759eafa9e162bbb7c311cd8e243369ee0791f08456ba0622debaab6bfb2b94edd081c3030de96d75b356dada671b8b1	common_voice_tr_22477342.mp3	sıfır	0	0	twenties	male		tr	Singleword Benchmark
eaad6ada84a734fd1ac6989f59e088d3e6ff87cdbb865fc9b8336f98ef57c946db9b7d4210f87c6c20a78738f51058229d8e1c3809e59fc370bf6a5f12b7ba0a	common_voice_tr_22486200.mp3	Hey	1	0	fourties	male		tr	Singleword Benchmark
eaad6ada84a734fd1ac6989f59e088d3e6ff87cdbb865fc9b8336f98ef57c946db9b7d4210f87c6c20a78738f51058229d8e1c3809e59fc370bf6a5f12b7ba0a	common_voice_tr_22486199.mp3	sekiz	0	0	fourties	male		tr	Singleword Benchmark
eaad6ada84a734fd1ac6989f59e088d3e6ff87cdbb865fc9b8336f98ef57c946db9b7d4210f87c6c20a78738f51058229d8e1c3809e59fc370bf6a5f12b7ba0a	common_voice_tr_22486201.mp3	altı	0	0	fourties	male		tr	Singleword Benchmark
eaad6ada84a734fd1ac6989f59e088d3e6ff87cdbb865fc9b8336f98ef57c946db9b7d4210f87c6c20a78738f51058229d8e1c3809e59fc370bf6a5f12b7ba0a	common_voice_tr_22486204.mp3	bir	0	0	fourties	male		tr	Singleword Benchmark
eaad6ada84a734fd1ac6989f59e088d3e6ff87cdbb865fc9b8336f98ef57c946db9b7d4210f87c6c20a78738f51058229d8e1c3809e59fc370bf6a5f12b7ba0a	common_voice_tr_22486203.mp3	Firefox	0	0	fourties	male		tr	Singleword Benchmark
eaad6ada84a734fd1ac6989f59e088d3e6ff87cdbb865fc9b8336f98ef57c946db9b7d4210f87c6c20a78738f51058229d8e1c3809e59fc370bf6a5f12b7ba0a	common_voice_tr_22486278.mp3	dört	0	0	fourties	male		tr	Singleword Benchmark
eaad6ada84a734fd1ac6989f59e088d3e6ff87cdbb865fc9b8336f98ef57c946db9b7d4210f87c6c20a78738f51058229d8e1c3809e59fc370bf6a5f12b7ba0a	common_voice_tr_22486293.mp3	sıfır	0	0	fourties	male		tr	Singleword Benchmark
eaad6ada84a734fd1ac6989f59e088d3e6ff87cdbb865fc9b8336f98ef57c946db9b7d4210f87c6c20a78738f51058229d8e1c3809e59fc370bf6a5f12b7ba0a	common_voice_tr_22486296.mp3	Parlamento nasıl olsa yaz tatiline girecek.	0	0	fourties	male		tr	
eaad6ada84a734fd1ac6989f59e088d3e6ff87cdbb865fc9b8336f98ef57c946db9b7d4210f87c6c20a78738f51058229d8e1c3809e59fc370bf6a5f12b7ba0a	common_voice_tr_22486324.mp3	Koridor sekiz ve Koridor on	0	0	fourties	male		tr	
eaad6ada84a734fd1ac6989f59e088d3e6ff87cdbb865fc9b8336f98ef57c946db9b7d4210f87c6c20a78738f51058229d8e1c3809e59fc370bf6a5f12b7ba0a	common_voice_tr_22486325.mp3	Fakat projenin savunucuları isyan ediyorlar.	0	0	fourties	male		tr	
eaad6ada84a734fd1ac6989f59e088d3e6ff87cdbb865fc9b8336f98ef57c946db9b7d4210f87c6c20a78738f51058229d8e1c3809e59fc370bf6a5f12b7ba0a	common_voice_tr_22486326.mp3	Ödül için tüm dünyadan seksen film yarıştı.	0	0	fourties	male		tr	
eaad6ada84a734fd1ac6989f59e088d3e6ff87cdbb865fc9b8336f98ef57c946db9b7d4210f87c6c20a78738f51058229d8e1c3809e59fc370bf6a5f12b7ba0a	common_voice_tr_22486333.mp3	Görünüşe göre para sorun değil.	0	0	fourties	male		tr	
eaad6ada84a734fd1ac6989f59e088d3e6ff87cdbb865fc9b8336f98ef57c946db9b7d4210f87c6c20a78738f51058229d8e1c3809e59fc370bf6a5f12b7ba0a	common_voice_tr_22486409.mp3	İyileşmeler devam etti.	0	0	fourties	male		tr	
eaad6ada84a734fd1ac6989f59e088d3e6ff87cdbb865fc9b8336f98ef57c946db9b7d4210f87c6c20a78738f51058229d8e1c3809e59fc370bf6a5f12b7ba0a	common_voice_tr_22486412.mp3	"Paris'in kulesi, Çin'in de seddi var."	0	0	fourties	male		tr	
eaad6ada84a734fd1ac6989f59e088d3e6ff87cdbb865fc9b8336f98ef57c946db9b7d4210f87c6c20a78738f51058229d8e1c3809e59fc370bf6a5f12b7ba0a	common_voice_tr_22486410.mp3	Brüksel de ilave kaynak sağlıyor.	0	0	fourties	male		tr	
eaad6ada84a734fd1ac6989f59e088d3e6ff87cdbb865fc9b8336f98ef57c946db9b7d4210f87c6c20a78738f51058229d8e1c3809e59fc370bf6a5f12b7ba0a	common_voice_tr_22486411.mp3	Avrupa Komisyonu konuyu incelediğini söyledi.	0	0	fourties	male		tr	
eaad6ada84a734fd1ac6989f59e088d3e6ff87cdbb865fc9b8336f98ef57c946db9b7d4210f87c6c20a78738f51058229d8e1c3809e59fc370bf6a5f12b7ba0a	common_voice_tr_22486407.mp3	"Yeni süre on dört Ekim'de sona erecek."	0	0	fourties	male		tr	
eaad6ada84a734fd1ac6989f59e088d3e6ff87cdbb865fc9b8336f98ef57c946db9b7d4210f87c6c20a78738f51058229d8e1c3809e59fc370bf6a5f12b7ba0a	common_voice_tr_22486456.mp3	Askerlerin hizmetleri Ekim ayında sona erecek.	0	0	fourties	male		tr	
eaad6ada84a734fd1ac6989f59e088d3e6ff87cdbb865fc9b8336f98ef57c946db9b7d4210f87c6c20a78738f51058229d8e1c3809e59fc370bf6a5f12b7ba0a	common_voice_tr_22486458.mp3	Bir önceki zam Ocak iki bin onda yapılmıştı.	0	0	fourties	male		tr	
eaad6ada84a734fd1ac6989f59e088d3e6ff87cdbb865fc9b8336f98ef57c946db9b7d4210f87c6c20a78738f51058229d8e1c3809e59fc370bf6a5f12b7ba0a	common_voice_tr_22486454.mp3	"Makedonya'daki tepkiler karışık oldu."	0	0	fourties	male		tr	
eaad6ada84a734fd1ac6989f59e088d3e6ff87cdbb865fc9b8336f98ef57c946db9b7d4210f87c6c20a78738f51058229d8e1c3809e59fc370bf6a5f12b7ba0a	common_voice_tr_22486455.mp3	"""Siyasi kriz"" güvenlik durumu üzerinde herhangi bir etki yarattı mı?"	0	0	fourties	male		tr	
eaad6ada84a734fd1ac6989f59e088d3e6ff87cdbb865fc9b8336f98ef57c946db9b7d4210f87c6c20a78738f51058229d8e1c3809e59fc370bf6a5f12b7ba0a	common_voice_tr_22486457.mp3	Kulüplerde oynayamıyoruz.	0	0	fourties	male		tr	
eaad6ada84a734fd1ac6989f59e088d3e6ff87cdbb865fc9b8336f98ef57c946db9b7d4210f87c6c20a78738f51058229d8e1c3809e59fc370bf6a5f12b7ba0a	common_voice_tr_22487172.mp3	Bu yıl ilk defa pasif seçmen kaydı uygulandı.	0	0	fourties	male		tr	
eaad6ada84a734fd1ac6989f59e088d3e6ff87cdbb865fc9b8336f98ef57c946db9b7d4210f87c6c20a78738f51058229d8e1c3809e59fc370bf6a5f12b7ba0a	common_voice_tr_22487176.mp3	Ancak bundan daha iyisini yapmamız gerekiyor.	0	0	fourties	male		tr	
eaad6ada84a734fd1ac6989f59e088d3e6ff87cdbb865fc9b8336f98ef57c946db9b7d4210f87c6c20a78738f51058229d8e1c3809e59fc370bf6a5f12b7ba0a	common_voice_tr_22487174.mp3	"Festival altı Nisan'da sona eriyor."	0	0	fourties	male		tr	
eaad6ada84a734fd1ac6989f59e088d3e6ff87cdbb865fc9b8336f98ef57c946db9b7d4210f87c6c20a78738f51058229d8e1c3809e59fc370bf6a5f12b7ba0a	common_voice_tr_22487175.mp3	"Bir kimse ‘tek millet' ilkesine karşı olduğunu söyleyebilir mi?"	0	0	fourties	male		tr	
eaad6ada84a734fd1ac6989f59e088d3e6ff87cdbb865fc9b8336f98ef57c946db9b7d4210f87c6c20a78738f51058229d8e1c3809e59fc370bf6a5f12b7ba0a	common_voice_tr_22487171.mp3	Llapashtica, serginin benzersiz olduğunu söyledi.	0	0	fourties	male		tr	
eaad6ada84a734fd1ac6989f59e088d3e6ff87cdbb865fc9b8336f98ef57c946db9b7d4210f87c6c20a78738f51058229d8e1c3809e59fc370bf6a5f12b7ba0a	common_voice_tr_22487216.mp3	Liste her yıl biraz daha uzuyor.	0	0	fourties	male		tr	
eaad6ada84a734fd1ac6989f59e088d3e6ff87cdbb865fc9b8336f98ef57c946db9b7d4210f87c6c20a78738f51058229d8e1c3809e59fc370bf6a5f12b7ba0a	common_voice_tr_22487217.mp3	Örneğin domuz eti fiyatları yüzde on arttı.	0	0	fourties	male		tr	
eaad6ada84a734fd1ac6989f59e088d3e6ff87cdbb865fc9b8336f98ef57c946db9b7d4210f87c6c20a78738f51058229d8e1c3809e59fc370bf6a5f12b7ba0a	common_voice_tr_22487218.mp3	"Meclis'ten, mahkemelerden söz ediyorum."	0	0	fourties	male		tr	
eaad6ada84a734fd1ac6989f59e088d3e6ff87cdbb865fc9b8336f98ef57c946db9b7d4210f87c6c20a78738f51058229d8e1c3809e59fc370bf6a5f12b7ba0a	common_voice_tr_22487219.mp3	Bir diğer sorun da Kıbrıs.	0	0	fourties	male		tr	
eaad6ada84a734fd1ac6989f59e088d3e6ff87cdbb865fc9b8336f98ef57c946db9b7d4210f87c6c20a78738f51058229d8e1c3809e59fc370bf6a5f12b7ba0a	common_voice_tr_22487220.mp3	Hizmet Mart ayında başlayacak.	0	0	fourties	male		tr	
eaad6ada84a734fd1ac6989f59e088d3e6ff87cdbb865fc9b8336f98ef57c946db9b7d4210f87c6c20a78738f51058229d8e1c3809e59fc370bf6a5f12b7ba0a	common_voice_tr_22487255.mp3	Maç olaysız geçti.	0	0	fourties	male		tr	
eaad6ada84a734fd1ac6989f59e088d3e6ff87cdbb865fc9b8336f98ef57c946db9b7d4210f87c6c20a78738f51058229d8e1c3809e59fc370bf6a5f12b7ba0a	common_voice_tr_22487252.mp3	Peki hedefi ne?	0	0	fourties	male		tr	
eaad6ada84a734fd1ac6989f59e088d3e6ff87cdbb865fc9b8336f98ef57c946db9b7d4210f87c6c20a78738f51058229d8e1c3809e59fc370bf6a5f12b7ba0a	common_voice_tr_22487253.mp3	Podujevo tek örnek değil.	0	0	fourties	male		tr	
eaad6ada84a734fd1ac6989f59e088d3e6ff87cdbb865fc9b8336f98ef57c946db9b7d4210f87c6c20a78738f51058229d8e1c3809e59fc370bf6a5f12b7ba0a	common_voice_tr_22487249.mp3	Dernek sadece sekiz sandıkta sorun bildirdi.	0	0	fourties	male		tr	
b925da8c206e5269e2cdfe67e201e7d120ed03d1cae5dfffc9c777a310d05661c8acbadf932d4d09db1f3ce11bc4e39450b8edb0fbe8ddb30f6f5ea4d378e0be	common_voice_tr_22498672.mp3	üç	0	0				tr	Singleword Benchmark
b925da8c206e5269e2cdfe67e201e7d120ed03d1cae5dfffc9c777a310d05661c8acbadf932d4d09db1f3ce11bc4e39450b8edb0fbe8ddb30f6f5ea4d378e0be	common_voice_tr_22498669.mp3	dört	0	0				tr	Singleword Benchmark
b925da8c206e5269e2cdfe67e201e7d120ed03d1cae5dfffc9c777a310d05661c8acbadf932d4d09db1f3ce11bc4e39450b8edb0fbe8ddb30f6f5ea4d378e0be	common_voice_tr_22498673.mp3	Hey	0	0				tr	Singleword Benchmark
